"Year","County_Code","name","PPT","Irrigation","Median_UnderTh","Unreported_Irrigation_based"
2002,67,"FRANKLIN",273.46,489,123.5,64.31
2002,37,"CHARLOTTE",271.47,491,115,60.13
2002,99,"KING GEORGE",194.17,568,21,12.7
2002,135,"NOTTOWAY",215.41,547,38,22.13
2002,25,"BRUNSWICK",280.95,481,33,16.9
2002,161,"ROANOKE",255.62,506,62,33.41
2002,36,"CHARLES CITY",162.91,599,13.5,8.61
2002,550,"CHESAPEAKE CITY",266.87,495,62.5,32.94
2002,11,"APPOMATTOX",200.94,561,33.5,20.01
2002,73,"GLOUCESTER",198.37,564,48.5,29.13
2002,47,"CULPEPER",214.71,547,89,51.84
2002,105,"LEE",232.23,530,52,29.35
2002,193,"WESTMORELAND",229.79,532,58,32.86
2002,143,"PITTSYLVANIA",237,525,131,73.24
2002,117,"MECKLENBURG",244.82,517,83.5,45.97
2002,121,"MONTGOMERY",189.56,572,37.5,22.84
2002,89,"HENRY",230.12,532,26.5,15.01
2002,93,"ISLE OF WIGHT",246.5,516,25,13.74
2002,169,"SCOTT",281.04,481,53.5,27.4
2002,167,"RUSSELL",327.72,434,28,12.94
2002,59,"FAIRFAX",185.45,577,55,33.79
2002,31,"CAMPBELL",231.63,530,102.5,57.85
2002,157,"RAPPAHANNOCK",222.83,539,58.5,33.58
2002,23,"BOTETOURT",219.1,543,25,14.46
2002,197,"WYTHE",254.55,507,37,19.98
2002,43,"CLARKE",257.98,504,47,25.22
2002,83,"HALIFAX",253.93,508,102.5,55.45
2002,800,"SUFFOLK CITY",262.99,499,65,34.54
2002,113,"MADISON",261.94,500,53,28.22
2002,163,"ROCKBRIDGE",182.33,580,50.5,31.19
2002,810,"VIRGINIA BEACH CITY",228.38,534,47.5,27.01
2002,15,"AUGUSTA",183.24,579,189.5,116.84
2002,45,"CRAIG",252.17,510,14.5,7.87
2002,181,"SURRY",239.91,522,26,14.45
2002,159,"RICHMOND",189.46,573,16,9.76
2002,153,"PRINCE WILLIAM",191.17,571,51.5,31.31
2002,199,"YORK",179.13,583,14,8.69
2002,7,"AMELIA",183.52,578,41.5,25.54
2002,119,"MIDDLESEX",217.69,544,17,9.85
2002,109,"LOUISA",266.05,496,71,37.5
2002,111,"LUNENBURG",278.51,483,34,17.49
2002,115,"MATHEWS",209.99,552,13.5,7.94
2002,191,"WASHINGTON",372.99,389,106,43.91
2002,29,"BUCKINGHAM",182.8,579,17.5,10.79
2002,33,"CAROLINE",203.9,558,25,14.85
2002,53,"DINWIDDIE",257.98,504,40,21.47
2002,141,"PATRICK",230.32,532,57.5,32.57
2002,177,"SPOTSYLVANIA",188.63,573,34.5,21.05
2002,35,"CARROLL",281.67,480,25,12.78
2002,57,"ESSEX",205.9,556,21,12.43
2002,41,"CHESTERFIELD",164.69,597,31.5,20.03
2002,125,"NELSON",200.79,561,81.5,48.69
2002,147,"PRINCE EDWARD",192.82,569,30,18.18
2002,97,"KING AND QUEEN",184.5,578,27.5,16.93
2002,179,"STAFFORD",198.83,563,16.5,9.89
2002,107,"LOUDOUN",209.01,553,210,123.66
2002,71,"GILES",252.49,510,27.5,14.93
2002,1,"ACCOMACK",215.86,546,51.5,29.94
2002,127,"NEW KENT",167.24,595,15,9.5
2002,185,"TAZEWELL",294.61,467,29,14.42
2002,21,"BLAND",266.76,495,10,5.27
2002,91,"HIGHLAND",248.84,513,9,4.92
2002,61,"FAUQUIER",206.7,555,204.5,120.86
2002,69,"FREDERICK",261.41,501,90,48.01
2002,17,"BATH",211.17,551,7,4.11
2002,3,"ALBEMARLE",249.55,512,116.5,63.52
2002,51,"DICKENSON",303.83,458,12,5.85
2002,49,"CUMBERLAND",174.03,588,23,14.4
2002,85,"HANOVER",170.63,591,213,134.05
2002,81,"GREENSVILLE",268.68,493,5,2.62
2002,5,"ALLEGHANY",220.71,541,9.5,5.47
2002,165,"ROCKINGHAM",211.37,551,261.5,153.43
2002,171,"SHENANDOAH",237.71,524,105,58.59
2002,145,"POWHATAN",177.67,584,18,11.19
2002,175,"SOUTHAMPTON",296.08,466,21,10.42
2002,139,"PAGE",231.87,530,19.5,11.01
2002,133,"NORTHUMBERLAND",215.27,547,2,1.16
2002,75,"GOOCHLAND",187.49,575,21.5,13.16
2002,65,"FLUVANNA",225.19,537,27,15.44
2002,95,"JAMES CITY",169.8,592,15.5,9.77
2002,63,"FLOYD",204.98,557,127.5,75.62
2002,149,"PRINCE GEORGE",228.06,534,7,3.98
2002,77,"GRAYSON",287.24,475,41,20.74
2002,131,"NORTHAMPTON",204.19,558,45.5,27.04
2002,137,"ORANGE",237.63,524,45,25.11
2002,79,"GREENE",279.71,482,37,18.99
2002,195,"WISE",308.96,453,11,5.31
2002,183,"SUSSEX",297.29,465,15.5,7.67
2002,87,"HENRICO",175.58,586,26.5,16.54
2002,101,"KING WILLIAM",174.97,587,15.5,9.69
2002,103,"LANCASTER",211.98,550,12,7.03
2002,187,"WARREN",238.84,523,35,19.49
2002,9,"AMHERST",194.36,568,27,16.33
2002,155,"PULASKI",212.68,549,18.5,10.82
2002,19,"BEDFORD",241.49,521,52.5,29.13
2002,173,"SMYTH",315.77,446,33,15.67
2003,67,"FRANKLIN",322.8,439,123.5,57.73
2003,37,"CHARLOTTE",415.76,346,115,42.37
2003,99,"KING GEORGE",346.12,416,21,9.3
2003,135,"NOTTOWAY",440.16,322,38,13.03
2003,25,"BRUNSWICK",424.95,337,33,11.84
2003,161,"ROANOKE",442.56,319,62,21.06
2003,36,"CHARLES CITY",439.57,322,13.5,4.63
2003,550,"CHESAPEAKE CITY",422.84,339,62.5,22.56
2003,11,"APPOMATTOX",465.04,297,33.5,10.59
2003,73,"GLOUCESTER",461.72,300,48.5,15.49
2003,47,"CULPEPER",411.32,351,89,33.27
2003,105,"LEE",368.35,394,52,21.82
2003,193,"WESTMORELAND",383.56,378,58,23.35
2003,143,"PITTSYLVANIA",499.2,263,131,36.69
2003,117,"MECKLENBURG",424.11,338,83.5,30.05
2003,121,"MONTGOMERY",441.4,321,37.5,12.82
2003,89,"HENRY",527.6,234,26.5,6.6
2003,93,"ISLE OF WIGHT",406.02,356,25,9.48
2003,169,"SCOTT",448.2,314,53.5,17.89
2003,167,"RUSSELL",506.87,255,28,7.6
2003,59,"FAIRFAX",398.5,364,55,21.32
2003,31,"CAMPBELL",435.97,326,102.5,35.58
2003,157,"RAPPAHANNOCK",462.52,299,58.5,18.63
2003,23,"BOTETOURT",462.08,300,25,7.99
2003,197,"WYTHE",419.88,342,37,13.47
2003,43,"CLARKE",422.72,339,47,16.97
2003,83,"HALIFAX",465.17,297,102.5,32.42
2003,800,"SUFFOLK CITY",344.61,417,65,28.86
2003,113,"MADISON",476.75,285,53,16.08
2003,163,"ROCKBRIDGE",427.69,334,50.5,17.96
2003,810,"VIRGINIA BEACH CITY",426.34,336,47.5,17
2003,15,"AUGUSTA",447,315,189.5,63.56
2003,45,"CRAIG",427.08,335,14.5,5.17
2003,181,"SURRY",413.95,348,26,9.63
2003,159,"RICHMOND",433,329,16,5.61
2003,153,"PRINCE WILLIAM",375.98,386,51.5,21.17
2003,199,"YORK",456.99,305,14,4.55
2003,7,"AMELIA",404.26,358,41.5,15.82
2003,119,"MIDDLESEX",458.62,303,17,5.49
2003,109,"LOUISA",403.25,359,71,27.14
2003,111,"LUNENBURG",415.3,347,34,12.56
2003,115,"MATHEWS",450.97,311,13.5,4.47
2003,191,"WASHINGTON",508.84,253,106,28.56
2003,29,"BUCKINGHAM",361.27,401,17.5,7.47
2003,33,"CAROLINE",378.49,384,25,10.22
2003,53,"DINWIDDIE",437.53,324,40,13.8
2003,141,"PATRICK",610.09,152,57.5,9.31
2003,177,"SPOTSYLVANIA",317.17,445,34.5,16.35
2003,35,"CARROLL",557.96,204,25,5.43
2003,57,"ESSEX",403.58,358,21,8.01
2003,41,"CHESTERFIELD",414.74,347,31.5,11.64
2003,125,"NELSON",510.25,252,81.5,21.87
2003,147,"PRINCE EDWARD",386.74,375,30,11.98
2003,97,"KING AND QUEEN",457.34,305,27.5,8.93
2003,179,"STAFFORD",318.74,443,16.5,7.78
2003,107,"LOUDOUN",422.64,339,210,75.81
2003,71,"GILES",444.68,317,27.5,9.28
2003,1,"ACCOMACK",384.95,377,51.5,20.67
2003,127,"NEW KENT",461.13,301,15,4.81
2003,185,"TAZEWELL",434.16,328,29,10.13
2003,21,"BLAND",386.02,376,10,4
2003,91,"HIGHLAND",376.33,386,9,3.7
2003,61,"FAUQUIER",426.46,336,204.5,73.17
2003,69,"FREDERICK",379.59,382,90,36.61
2003,17,"BATH",397.41,365,7,2.72
2003,3,"ALBEMARLE",471.21,291,116.5,36.1
2003,51,"DICKENSON",435.47,327,12,4.18
2003,49,"CUMBERLAND",362.77,399,23,9.77
2003,85,"HANOVER",471.1,291,213,66
2003,81,"GREENSVILLE",347.17,415,5,2.21
2003,5,"ALLEGHANY",368.17,394,9.5,3.99
2003,165,"ROCKINGHAM",408.59,353,261.5,98.3
2003,171,"SHENANDOAH",416.07,346,105,38.69
2003,145,"POWHATAN",402.54,359,18,6.88
2003,175,"SOUTHAMPTON",371.6,390,21,8.72
2003,139,"PAGE",394.39,368,19.5,7.64
2003,133,"NORTHUMBERLAND",483.68,278,2,0.59
2003,75,"GOOCHLAND",365.12,397,21.5,9.09
2003,65,"FLUVANNA",342.75,419,27,12.05
2003,95,"JAMES CITY",427.09,335,15.5,5.53
2003,63,"FLOYD",469.37,293,127.5,39.78
2003,149,"PRINCE GEORGE",433.07,329,7,2.45
2003,77,"GRAYSON",468.35,294,41,12.84
2003,131,"NORTHAMPTON",422.18,340,45.5,16.47
2003,137,"ORANGE",367.23,395,45,18.93
2003,79,"GREENE",437.56,324,37,12.77
2003,195,"WISE",444.17,318,11,3.72
2003,183,"SUSSEX",403.11,359,15.5,5.93
2003,87,"HENRICO",467.83,294,26.5,8.3
2003,101,"KING WILLIAM",455.78,306,15.5,5.05
2003,103,"LANCASTER",447.71,314,12,4.01
2003,187,"WARREN",399.74,362,35,13.49
2003,9,"AMHERST",488.43,274,27,7.88
2003,155,"PULASKI",399.44,363,18.5,7.15
2003,19,"BEDFORD",505.41,257,52.5,14.37
2003,173,"SMYTH",487.53,274,33,9.63
2004,67,"FRANKLIN",440.7,321,123.5,42.21
2004,37,"CHARLOTTE",455.8,306,115,37.47
2004,99,"KING GEORGE",382.62,379,21,8.48
2004,135,"NOTTOWAY",453.91,308,38,12.46
2004,25,"BRUNSWICK",476.98,285,33,10.02
2004,161,"ROANOKE",371.41,391,62,25.81
2004,36,"CHARLES CITY",549.93,212,13.5,3.05
2004,550,"CHESAPEAKE CITY",546.15,216,62.5,14.38
2004,11,"APPOMATTOX",364.96,397,33.5,14.16
2004,73,"GLOUCESTER",536.93,225,48.5,11.62
2004,47,"CULPEPER",325.13,437,89,41.42
2004,105,"LEE",283.01,479,52,26.52
2004,193,"WESTMORELAND",493.34,269,58,16.61
2004,143,"PITTSYLVANIA",405.29,357,131,49.8
2004,117,"MECKLENBURG",449.69,312,83.5,27.74
2004,121,"MONTGOMERY",286.95,475,37.5,18.97
2004,89,"HENRY",427.37,335,26.5,9.45
2004,93,"ISLE OF WIGHT",530.98,231,25,6.15
2004,169,"SCOTT",320.1,442,53.5,25.18
2004,167,"RUSSELL",436.91,325,28,9.69
2004,59,"FAIRFAX",340.51,421,55,24.66
2004,31,"CAMPBELL",375.88,386,102.5,42.13
2004,157,"RAPPAHANNOCK",286.05,476,58.5,29.65
2004,23,"BOTETOURT",282.54,479,25,12.75
2004,197,"WYTHE",339.19,423,37,16.67
2004,43,"CLARKE",278.04,484,47,24.22
2004,83,"HALIFAX",436.91,325,102.5,35.47
2004,800,"SUFFOLK CITY",508.08,254,65,17.58
2004,113,"MADISON",319.83,442,53,24.95
2004,163,"ROCKBRIDGE",319.29,443,50.5,23.82
2004,810,"VIRGINIA BEACH CITY",555.58,206,47.5,10.42
2004,15,"AUGUSTA",295.79,466,189.5,94.03
2004,45,"CRAIG",302.67,459,14.5,7.09
2004,181,"SURRY",542.84,219,26,6.06
2004,159,"RICHMOND",527.94,234,16,3.99
2004,153,"PRINCE WILLIAM",316.56,445,51.5,24.4
2004,199,"YORK",559.51,202,14,3.01
2004,7,"AMELIA",466.8,295,41.5,13.04
2004,119,"MIDDLESEX",502.45,260,17,4.71
2004,109,"LOUISA",432.91,329,71,24.87
2004,111,"LUNENBURG",458.68,303,34,10.97
2004,115,"MATHEWS",485.86,276,13.5,3.97
2004,191,"WASHINGTON",409.81,352,106,39.73
2004,29,"BUCKINGHAM",364.93,397,17.5,7.4
2004,33,"CAROLINE",463.88,298,25,7.93
2004,53,"DINWIDDIE",476.14,286,40,12.18
2004,141,"PATRICK",439.44,323,57.5,19.78
2004,177,"SPOTSYLVANIA",389.07,373,34.5,13.7
2004,35,"CARROLL",364.86,397,25,10.57
2004,57,"ESSEX",527.8,234,21,5.23
2004,41,"CHESTERFIELD",495.65,266,31.5,8.92
2004,125,"NELSON",391.27,371,81.5,32.2
2004,147,"PRINCE EDWARD",405.43,357,30,11.4
2004,97,"KING AND QUEEN",534.11,228,27.5,6.68
2004,179,"STAFFORD",348.04,414,16.5,7.27
2004,107,"LOUDOUN",268.54,493,210,110.25
2004,71,"GILES",310.02,452,27.5,13.24
2004,1,"ACCOMACK",500.37,262,51.5,14.37
2004,127,"NEW KENT",517.95,244,15,3.9
2004,185,"TAZEWELL",414.11,348,29,10.75
2004,21,"BLAND",397.7,364,10,3.88
2004,91,"HIGHLAND",253.17,509,9,4.88
2004,61,"FAUQUIER",314.21,448,204.5,97.56
2004,69,"FREDERICK",263.26,499,90,47.82
2004,17,"BATH",262.68,499,7,3.72
2004,3,"ALBEMARLE",356.16,406,116.5,50.37
2004,51,"DICKENSON",367.34,395,12,5.05
2004,49,"CUMBERLAND",430.92,331,23,8.11
2004,85,"HANOVER",473.58,288,213,65.32
2004,81,"GREENSVILLE",444.98,317,5,1.69
2004,5,"ALLEGHANY",273.69,488,9.5,4.94
2004,165,"ROCKINGHAM",230.42,532,261.5,148.14
2004,171,"SHENANDOAH",232.62,529,105,59.15
2004,145,"POWHATAN",495.38,267,18,5.12
2004,175,"SOUTHAMPTON",505.46,257,21,5.75
2004,139,"PAGE",253.05,509,19.5,10.57
2004,133,"NORTHUMBERLAND",501,261,2,0.56
2004,75,"GOOCHLAND",467.25,295,21.5,6.75
2004,65,"FLUVANNA",432.15,330,27,9.49
2004,95,"JAMES CITY",549.13,213,15.5,3.52
2004,63,"FLOYD",311.65,450,127.5,61.1
2004,149,"PRINCE GEORGE",503.71,258,7,1.92
2004,77,"GRAYSON",352.34,410,41,17.9
2004,131,"NORTHAMPTON",467.76,294,45.5,14.24
2004,137,"ORANGE",361.26,401,45,19.22
2004,79,"GREENE",325.08,437,37,17.22
2004,195,"WISE",358.04,404,11,4.73
2004,183,"SUSSEX",461.77,300,15.5,4.95
2004,87,"HENRICO",502.69,259,26.5,7.31
2004,101,"KING WILLIAM",505.29,257,15.5,4.24
2004,103,"LANCASTER",468.67,293,12,3.74
2004,187,"WARREN",238.74,523,35,19.49
2004,9,"AMHERST",360.35,402,27,11.56
2004,155,"PULASKI",299.03,463,18.5,9.12
2004,19,"BEDFORD",350.38,412,52.5,23.03
2004,173,"SMYTH",374.89,387,33,13.6
2005,67,"FRANKLIN",236.33,526,123.5,69.17
2005,37,"CHARLOTTE",248.02,514,115,62.94
2005,99,"KING GEORGE",234.63,527,21,11.78
2005,135,"NOTTOWAY",230.13,532,38,21.53
2005,25,"BRUNSWICK",198.13,564,33,19.82
2005,161,"ROANOKE",380.56,381,62,25.15
2005,36,"CHARLES CITY",262.4,500,13.5,7.19
2005,550,"CHESAPEAKE CITY",380.74,381,62.5,25.36
2005,11,"APPOMATTOX",274.21,488,33.5,17.41
2005,73,"GLOUCESTER",298.43,464,48.5,23.96
2005,47,"CULPEPER",250.96,511,89,48.43
2005,105,"LEE",313.06,449,52,24.86
2005,193,"WESTMORELAND",242.88,519,58,32.05
2005,143,"PITTSYLVANIA",296.4,466,131,65.01
2005,117,"MECKLENBURG",204.66,557,83.5,49.53
2005,121,"MONTGOMERY",276.9,485,37.5,19.37
2005,89,"HENRY",397.72,364,26.5,10.27
2005,93,"ISLE OF WIGHT",264.26,498,25,13.26
2005,169,"SCOTT",371.81,390,53.5,22.22
2005,167,"RUSSELL",343.64,418,28,12.46
2005,59,"FAIRFAX",213.16,549,55,32.15
2005,31,"CAMPBELL",258.01,504,102.5,55.01
2005,157,"RAPPAHANNOCK",257.6,504,58.5,31.4
2005,23,"BOTETOURT",327.68,434,25,11.55
2005,197,"WYTHE",312.36,450,37,17.73
2005,43,"CLARKE",251.84,510,47,25.52
2005,83,"HALIFAX",245.36,517,102.5,56.43
2005,800,"SUFFOLK CITY",290.35,472,65,32.67
2005,113,"MADISON",276,486,53,27.43
2005,163,"ROCKBRIDGE",292.92,469,50.5,25.22
2005,810,"VIRGINIA BEACH CITY",370.72,391,47.5,19.78
2005,15,"AUGUSTA",260.61,501,189.5,101.1
2005,45,"CRAIG",327.79,434,14.5,6.7
2005,181,"SURRY",295.9,466,26,12.9
2005,159,"RICHMOND",290.42,472,16,8.04
2005,153,"PRINCE WILLIAM",222.22,540,51.5,29.61
2005,199,"YORK",285.41,477,14,7.11
2005,7,"AMELIA",239.64,522,41.5,23.07
2005,119,"MIDDLESEX",314.86,447,17,8.09
2005,109,"LOUISA",230.81,531,71,40.15
2005,111,"LUNENBURG",214.66,547,34,19.8
2005,115,"MATHEWS",349.76,412,13.5,5.92
2005,191,"WASHINGTON",329.21,433,106,48.88
2005,29,"BUCKINGHAM",282.75,479,17.5,8.93
2005,33,"CAROLINE",259.58,502,25,13.36
2005,53,"DINWIDDIE",221.23,541,40,23.04
2005,141,"PATRICK",409.75,352,57.5,21.55
2005,177,"SPOTSYLVANIA",236.49,526,34.5,19.32
2005,35,"CARROLL",353.31,409,25,10.89
2005,57,"ESSEX",247.17,515,21,11.52
2005,41,"CHESTERFIELD",219.61,542,31.5,18.18
2005,125,"NELSON",302.77,459,81.5,39.83
2005,147,"PRINCE EDWARD",214.15,548,30,17.51
2005,97,"KING AND QUEEN",269.99,492,27.5,14.41
2005,179,"STAFFORD",235.5,526,16.5,9.24
2005,107,"LOUDOUN",272.51,489,210,109.35
2005,71,"GILES",315.84,446,27.5,13.06
2005,1,"ACCOMACK",359.29,403,51.5,22.1
2005,127,"NEW KENT",249.65,512,15,8.18
2005,185,"TAZEWELL",301.04,461,29,14.24
2005,21,"BLAND",322.57,439,10,4.67
2005,91,"HIGHLAND",304.23,458,9,4.39
2005,61,"FAUQUIER",252.25,510,204.5,111.06
2005,69,"FREDERICK",204.79,557,90,53.38
2005,17,"BATH",310.66,451,7,3.36
2005,3,"ALBEMARLE",263.9,498,116.5,61.78
2005,51,"DICKENSON",332.97,429,12,5.48
2005,49,"CUMBERLAND",268.01,494,23,12.1
2005,85,"HANOVER",210.04,552,213,125.2
2005,81,"GREENSVILLE",193.27,569,5,3.03
2005,5,"ALLEGHANY",311.65,450,9.5,4.55
2005,165,"ROCKINGHAM",251.42,511,261.5,142.29
2005,171,"SHENANDOAH",243.66,518,105,57.92
2005,145,"POWHATAN",220.08,542,18,10.39
2005,175,"SOUTHAMPTON",228.66,533,21,11.92
2005,139,"PAGE",254.71,507,19.5,10.53
2005,133,"NORTHUMBERLAND",355.16,407,2,0.87
2005,75,"GOOCHLAND",223.2,539,21.5,12.34
2005,65,"FLUVANNA",248.66,513,27,14.75
2005,95,"JAMES CITY",311.96,450,15.5,7.43
2005,63,"FLOYD",305.03,457,127.5,62.05
2005,149,"PRINCE GEORGE",220.78,541,7,4.03
2005,77,"GRAYSON",342.38,420,41,18.34
2005,131,"NORTHAMPTON",346.28,416,45.5,20.16
2005,137,"ORANGE",219.54,542,45,25.97
2005,79,"GREENE",296,466,37,18.36
2005,195,"WISE",344.29,418,11,4.9
2005,183,"SUSSEX",246.29,516,15.5,8.52
2005,87,"HENRICO",244.24,518,26.5,14.62
2005,101,"KING WILLIAM",245.29,517,15.5,8.53
2005,103,"LANCASTER",315.33,447,12,5.71
2005,187,"WARREN",205.08,557,35,20.76
2005,9,"AMHERST",326.89,435,27,12.51
2005,155,"PULASKI",288.04,474,18.5,9.34
2005,19,"BEDFORD",273.82,488,52.5,27.28
2005,173,"SMYTH",312.17,450,33,15.81
2006,67,"FRANKLIN",319.47,443,123.5,58.26
2006,37,"CHARLOTTE",355.59,406,115,49.72
2006,99,"KING GEORGE",283.69,478,21,10.69
2006,135,"NOTTOWAY",359.15,403,38,16.31
2006,25,"BRUNSWICK",355.55,406,33,14.27
2006,161,"ROANOKE",231.61,530,62,34.99
2006,36,"CHARLES CITY",280.46,482,13.5,6.93
2006,550,"CHESAPEAKE CITY",345.81,416,62.5,27.69
2006,11,"APPOMATTOX",289.39,473,33.5,16.87
2006,73,"GLOUCESTER",302.85,459,48.5,23.71
2006,47,"CULPEPER",248.15,514,89,48.71
2006,105,"LEE",258.73,503,52,27.85
2006,193,"WESTMORELAND",328.76,433,58,26.74
2006,143,"PITTSYLVANIA",287.34,475,131,66.26
2006,117,"MECKLENBURG",339.26,423,83.5,37.61
2006,121,"MONTGOMERY",258.34,504,37.5,20.13
2006,89,"HENRY",322.04,440,26.5,12.42
2006,93,"ISLE OF WIGHT",334.61,427,25,11.37
2006,169,"SCOTT",345.46,417,53.5,23.76
2006,167,"RUSSELL",379.82,382,28,11.39
2006,59,"FAIRFAX",228.74,533,55,31.22
2006,31,"CAMPBELL",279.75,482,102.5,52.61
2006,157,"RAPPAHANNOCK",241.61,520,58.5,32.39
2006,23,"BOTETOURT",236.18,526,25,14
2006,197,"WYTHE",258.83,503,37,19.82
2006,43,"CLARKE",206.28,556,47,27.83
2006,83,"HALIFAX",292.68,469,102.5,51.19
2006,800,"SUFFOLK CITY",320.73,441,65,30.52
2006,113,"MADISON",275.17,487,53,27.49
2006,163,"ROCKBRIDGE",263.28,499,50.5,26.83
2006,810,"VIRGINIA BEACH CITY",353.79,408,47.5,20.64
2006,15,"AUGUSTA",279.48,483,189.5,97.47
2006,45,"CRAIG",250.75,511,14.5,7.89
2006,181,"SURRY",262.22,500,26,13.84
2006,159,"RICHMOND",308.18,454,16,7.74
2006,153,"PRINCE WILLIAM",215.12,547,51.5,30
2006,199,"YORK",290.97,471,14,7.02
2006,7,"AMELIA",322.16,440,41.5,19.44
2006,119,"MIDDLESEX",301.64,460,17,8.33
2006,109,"LOUISA",297.02,465,71,35.16
2006,111,"LUNENBURG",354.71,407,34,14.74
2006,115,"MATHEWS",352.12,410,13.5,5.89
2006,191,"WASHINGTON",364.21,398,106,44.92
2006,29,"BUCKINGHAM",303.45,459,17.5,8.55
2006,33,"CAROLINE",260.38,502,25,13.36
2006,53,"DINWIDDIE",320.31,442,40,18.83
2006,141,"PATRICK",301.02,461,57.5,28.23
2006,177,"SPOTSYLVANIA",238.79,523,34.5,19.21
2006,35,"CARROLL",263.36,499,25,13.28
2006,57,"ESSEX",290.1,472,21,10.55
2006,41,"CHESTERFIELD",314.9,447,31.5,14.99
2006,125,"NELSON",270.61,491,81.5,42.61
2006,147,"PRINCE EDWARD",306.31,456,30,14.57
2006,97,"KING AND QUEEN",270.16,492,27.5,14.41
2006,179,"STAFFORD",200.2,562,16.5,9.87
2006,107,"LOUDOUN",213.26,549,210,122.77
2006,71,"GILES",293.33,469,27.5,13.73
2006,1,"ACCOMACK",314.29,448,51.5,24.57
2006,127,"NEW KENT",295.04,467,15,7.46
2006,185,"TAZEWELL",378.87,383,29,11.83
2006,21,"BLAND",292.26,470,10,5
2006,91,"HIGHLAND",248.73,513,9,4.92
2006,61,"FAUQUIER",228.85,533,204.5,116.07
2006,69,"FREDERICK",225.29,537,90,51.46
2006,17,"BATH",264.89,497,7,3.7
2006,3,"ALBEMARLE",272.23,490,116.5,60.79
2006,51,"DICKENSON",333.98,428,12,5.47
2006,49,"CUMBERLAND",289.29,473,23,11.58
2006,85,"HANOVER",249.47,513,213,116.36
2006,81,"GREENSVILLE",322.97,439,5,2.34
2006,5,"ALLEGHANY",243.88,518,9.5,5.24
2006,165,"ROCKINGHAM",306.21,456,261.5,126.98
2006,171,"SHENANDOAH",256.2,506,105,56.58
2006,145,"POWHATAN",296.5,466,18,8.93
2006,175,"SOUTHAMPTON",357.72,404,21,9.03
2006,139,"PAGE",281.61,480,19.5,9.97
2006,133,"NORTHUMBERLAND",340.49,422,2,0.9
2006,75,"GOOCHLAND",275.02,487,21.5,11.15
2006,65,"FLUVANNA",300.74,461,27,13.25
2006,95,"JAMES CITY",293.12,469,15.5,7.74
2006,63,"FLOYD",241.48,521,127.5,70.74
2006,149,"PRINCE GEORGE",260.66,501,7,3.73
2006,77,"GRAYSON",305.64,456,41,19.91
2006,131,"NORTHAMPTON",342.65,419,45.5,20.3
2006,137,"ORANGE",265.78,496,45,23.77
2006,79,"GREENE",263.51,498,37,19.62
2006,195,"WISE",343.63,418,11,4.9
2006,183,"SUSSEX",281.2,481,15.5,7.94
2006,87,"HENRICO",306.62,455,26.5,12.84
2006,101,"KING WILLIAM",262.64,499,15.5,8.24
2006,103,"LANCASTER",313.37,449,12,5.74
2006,187,"WARREN",220.67,541,35,20.16
2006,9,"AMHERST",273.57,488,27,14.03
2006,155,"PULASKI",259.43,503,18.5,9.91
2006,19,"BEDFORD",269.09,493,52.5,27.56
2006,173,"SMYTH",352.16,410,33,14.41
2007,67,"FRANKLIN",249.5,512,123.5,67.33
2007,37,"CHARLOTTE",231.06,531,115,65.03
2007,99,"KING GEORGE",187.45,575,21,12.86
2007,135,"NOTTOWAY",243.11,519,38,21
2007,25,"BRUNSWICK",200.65,561,33,19.71
2007,161,"ROANOKE",235.72,526,62,34.73
2007,36,"CHARLES CITY",310.18,452,13.5,6.5
2007,550,"CHESAPEAKE CITY",297.57,464,62.5,30.88
2007,11,"APPOMATTOX",246.72,515,33.5,18.37
2007,73,"GLOUCESTER",265.47,497,48.5,25.67
2007,47,"CULPEPER",212.79,549,89,52.03
2007,105,"LEE",230.55,531,52,29.4
2007,193,"WESTMORELAND",175.57,586,58,36.19
2007,143,"PITTSYLVANIA",217.54,544,131,75.89
2007,117,"MECKLENBURG",191.51,570,83.5,50.68
2007,121,"MONTGOMERY",203.37,559,37.5,22.32
2007,89,"HENRY",240.14,522,26.5,14.73
2007,93,"ISLE OF WIGHT",255.19,507,25,13.5
2007,169,"SCOTT",270.35,492,53.5,28.03
2007,167,"RUSSELL",310.95,451,28,13.45
2007,59,"FAIRFAX",202.2,560,55,32.8
2007,31,"CAMPBELL",242.45,520,102.5,56.76
2007,157,"RAPPAHANNOCK",246.93,515,58.5,32.08
2007,23,"BOTETOURT",238.53,523,25,13.92
2007,197,"WYTHE",209.39,553,37,21.79
2007,43,"CLARKE",191.58,570,47,28.53
2007,83,"HALIFAX",215.03,547,102.5,59.7
2007,800,"SUFFOLK CITY",314.63,447,65,30.94
2007,113,"MADISON",289.26,473,53,26.7
2007,163,"ROCKBRIDGE",263.87,498,50.5,26.78
2007,810,"VIRGINIA BEACH CITY",250.71,511,47.5,25.85
2007,15,"AUGUSTA",263.68,498,189.5,100.49
2007,45,"CRAIG",239.52,522,14.5,8.06
2007,181,"SURRY",277.11,485,26,13.43
2007,159,"RICHMOND",219.4,543,16,9.25
2007,153,"PRINCE WILLIAM",206.26,556,51.5,30.49
2007,199,"YORK",278.94,483,14,7.2
2007,7,"AMELIA",245.76,516,41.5,22.8
2007,119,"MIDDLESEX",266.65,495,17,8.96
2007,109,"LOUISA",278.76,483,71,36.52
2007,111,"LUNENBURG",206.45,556,34,20.13
2007,115,"MATHEWS",252.32,510,13.5,7.33
2007,191,"WASHINGTON",290.22,472,106,53.28
2007,29,"BUCKINGHAM",272.59,489,17.5,9.11
2007,33,"CAROLINE",221.7,540,25,14.38
2007,53,"DINWIDDIE",266.9,495,40,21.08
2007,141,"PATRICK",276.37,486,57.5,29.76
2007,177,"SPOTSYLVANIA",240.3,522,34.5,19.18
2007,35,"CARROLL",257.15,505,25,13.44
2007,57,"ESSEX",212.84,549,21,12.28
2007,41,"CHESTERFIELD",254.63,507,31.5,17.01
2007,125,"NELSON",271.92,490,81.5,42.53
2007,147,"PRINCE EDWARD",221.93,540,30,17.25
2007,97,"KING AND QUEEN",250.93,511,27.5,14.96
2007,179,"STAFFORD",234.59,527,16.5,9.26
2007,107,"LOUDOUN",177.57,584,210,130.59
2007,71,"GILES",246.32,516,27.5,15.11
2007,1,"ACCOMACK",254.2,508,51.5,27.86
2007,127,"NEW KENT",290.31,472,15,7.54
2007,185,"TAZEWELL",249.47,513,29,15.84
2007,21,"BLAND",227.8,534,10,5.69
2007,91,"HIGHLAND",268.83,493,9,4.72
2007,61,"FAUQUIER",206.09,556,204.5,121.08
2007,69,"FREDERICK",202.47,560,90,53.67
2007,17,"BATH",206.39,556,7,4.14
2007,3,"ALBEMARLE",310.72,451,116.5,55.95
2007,51,"DICKENSON",284.24,478,12,6.11
2007,49,"CUMBERLAND",237.17,525,23,12.86
2007,85,"HANOVER",272.89,489,213,110.91
2007,81,"GREENSVILLE",215.81,546,5,2.91
2007,5,"ALLEGHANY",212.82,549,9.5,5.55
2007,165,"ROCKINGHAM",332.69,429,261.5,119.46
2007,171,"SHENANDOAH",278.97,483,105,54
2007,145,"POWHATAN",242.05,520,18,9.97
2007,175,"SOUTHAMPTON",249.88,512,21,11.45
2007,139,"PAGE",291.6,470,19.5,9.76
2007,133,"NORTHUMBERLAND",226.46,536,2,1.14
2007,75,"GOOCHLAND",287.78,474,21.5,10.85
2007,65,"FLUVANNA",285.7,476,27,13.69
2007,95,"JAMES CITY",298.49,464,15.5,7.66
2007,63,"FLOYD",205.91,556,127.5,75.49
2007,149,"PRINCE GEORGE",285.09,477,7,3.56
2007,77,"GRAYSON",260.92,501,41,21.87
2007,131,"NORTHAMPTON",238.36,524,45.5,25.39
2007,137,"ORANGE",258.99,503,45,24.1
2007,79,"GREENE",291.39,471,37,18.56
2007,195,"WISE",284.42,478,11,5.6
2007,183,"SUSSEX",252.6,509,15.5,8.4
2007,87,"HENRICO",293.27,469,26.5,13.23
2007,101,"KING WILLIAM",247.95,514,15.5,8.48
2007,103,"LANCASTER",220.77,541,12,6.91
2007,187,"WARREN",212.2,550,35,20.5
2007,9,"AMHERST",216.57,545,27,15.67
2007,155,"PULASKI",229.17,533,18.5,10.5
2007,19,"BEDFORD",227.42,535,52.5,29.91
2007,173,"SMYTH",233.52,528,33,18.55
2008,67,"FRANKLIN",251.67,510,123.5,67.07
2008,37,"CHARLOTTE",244.09,518,115,63.43
2008,99,"KING GEORGE",277.98,484,21,10.82
2008,135,"NOTTOWAY",191.81,570,38,23.06
2008,25,"BRUNSWICK",209.66,552,33,19.4
2008,161,"ROANOKE",248.6,513,62,33.87
2008,36,"CHARLES CITY",197.19,565,13.5,8.12
2008,550,"CHESAPEAKE CITY",222.07,540,62.5,35.94
2008,11,"APPOMATTOX",206.53,555,33.5,19.8
2008,73,"GLOUCESTER",204.71,557,48.5,28.77
2008,47,"CULPEPER",286.43,476,89,45.11
2008,105,"LEE",239.48,523,52,28.96
2008,193,"WESTMORELAND",323.74,438,58,27.05
2008,143,"PITTSYLVANIA",236.72,525,131,73.24
2008,117,"MECKLENBURG",234.53,527,83.5,46.86
2008,121,"MONTGOMERY",236.35,526,37.5,21
2008,89,"HENRY",225.03,537,26.5,15.15
2008,93,"ISLE OF WIGHT",191.37,571,25,15.2
2008,169,"SCOTT",257.76,504,53.5,28.71
2008,167,"RUSSELL",330.01,432,28,12.88
2008,59,"FAIRFAX",259.33,503,55,29.46
2008,31,"CAMPBELL",215.37,547,102.5,59.7
2008,157,"RAPPAHANNOCK",281.43,481,58.5,29.96
2008,23,"BOTETOURT",242.5,520,25,13.84
2008,197,"WYTHE",258.51,503,37,19.82
2008,43,"CLARKE",277.58,484,47,24.22
2008,83,"HALIFAX",229.87,532,102.5,58.07
2008,800,"SUFFOLK CITY",228.86,533,65,36.89
2008,113,"MADISON",265.94,496,53,27.99
2008,163,"ROCKBRIDGE",226.44,536,50.5,28.82
2008,810,"VIRGINIA BEACH CITY",229.05,533,47.5,26.96
2008,15,"AUGUSTA",210.97,551,189.5,111.19
2008,45,"CRAIG",262,500,14.5,7.72
2008,181,"SURRY",167.45,595,26,16.47
2008,159,"RICHMOND",323.76,438,16,7.46
2008,153,"PRINCE WILLIAM",257.81,504,51.5,27.64
2008,199,"YORK",189.4,573,14,8.54
2008,7,"AMELIA",180.99,581,41.5,25.68
2008,119,"MIDDLESEX",260.86,501,17,9.07
2008,109,"LOUISA",262.45,500,71,37.8
2008,111,"LUNENBURG",218.23,544,34,19.7
2008,115,"MATHEWS",232.35,530,13.5,7.62
2008,191,"WASHINGTON",316.25,446,106,50.34
2008,29,"BUCKINGHAM",194.48,568,17.5,10.58
2008,33,"CAROLINE",260.96,501,25,13.34
2008,53,"DINWIDDIE",169.03,593,40,25.26
2008,141,"PATRICK",262.06,500,57.5,30.61
2008,177,"SPOTSYLVANIA",300.21,462,34.5,16.97
2008,35,"CARROLL",263.75,498,25,13.26
2008,57,"ESSEX",316.26,446,21,9.97
2008,41,"CHESTERFIELD",191.62,570,31.5,19.12
2008,125,"NELSON",202.31,560,81.5,48.6
2008,147,"PRINCE EDWARD",200.69,561,30,17.92
2008,97,"KING AND QUEEN",268.94,493,27.5,14.44
2008,179,"STAFFORD",268.78,493,16.5,8.66
2008,107,"LOUDOUN",251.87,510,210,114.05
2008,71,"GILES",286.67,475,27.5,13.91
2008,1,"ACCOMACK",257.45,505,51.5,27.69
2008,127,"NEW KENT",213.03,549,15,8.77
2008,185,"TAZEWELL",311.99,450,29,13.9
2008,21,"BLAND",280.02,482,10,5.13
2008,91,"HIGHLAND",244.21,518,9,4.96
2008,61,"FAUQUIER",269.68,492,204.5,107.14
2008,69,"FREDERICK",301.9,460,90,44.09
2008,17,"BATH",224.08,538,7,4.01
2008,3,"ALBEMARLE",213.74,548,116.5,67.98
2008,51,"DICKENSON",338,424,12,5.42
2008,49,"CUMBERLAND",208.91,553,23,13.54
2008,85,"HANOVER",214.04,548,213,124.3
2008,81,"GREENSVILLE",192.13,570,5,3.03
2008,5,"ALLEGHANY",248.86,513,9.5,5.19
2008,165,"ROCKINGHAM",306.22,456,261.5,126.98
2008,171,"SHENANDOAH",302.56,459,105,51.32
2008,145,"POWHATAN",201.9,560,18,10.73
2008,175,"SOUTHAMPTON",216.19,546,21,12.21
2008,139,"PAGE",308.19,454,19.5,9.43
2008,133,"NORTHUMBERLAND",296.89,465,2,0.99
2008,75,"GOOCHLAND",219.82,542,21.5,12.41
2008,65,"FLUVANNA",249.16,513,27,14.75
2008,95,"JAMES CITY",151.34,611,15.5,10.08
2008,63,"FLOYD",201.28,561,127.5,76.17
2008,149,"PRINCE GEORGE",183.35,579,7,4.32
2008,77,"GRAYSON",264.58,497,41,21.7
2008,131,"NORTHAMPTON",262.67,499,45.5,24.18
2008,137,"ORANGE",254.48,508,45,24.34
2008,79,"GREENE",260.29,502,37,19.78
2008,195,"WISE",338.77,423,11,4.95
2008,183,"SUSSEX",194.2,568,15.5,9.38
2008,87,"HENRICO",211.41,551,26.5,15.55
2008,101,"KING WILLIAM",266.09,496,15.5,8.19
2008,103,"LANCASTER",259.26,503,12,6.43
2008,187,"WARREN",273.59,488,35,18.19
2008,9,"AMHERST",202.94,559,27,16.07
2008,155,"PULASKI",281.66,480,18.5,9.46
2008,19,"BEDFORD",207.05,555,52.5,31.03
2008,173,"SMYTH",346.82,415,33,14.58
2009,67,"FRANKLIN",275.36,487,123.5,64.05
2009,37,"CHARLOTTE",353.02,409,115,50.09
2009,99,"KING GEORGE",304.19,458,21,10.24
2009,135,"NOTTOWAY",296.72,465,38,18.82
2009,25,"BRUNSWICK",357.58,404,33,14.2
2009,161,"ROANOKE",383.11,379,62,25.02
2009,36,"CHARLES CITY",272.96,489,13.5,7.03
2009,550,"CHESAPEAKE CITY",395.22,367,62.5,24.43
2009,11,"APPOMATTOX",388.28,374,33.5,13.34
2009,73,"GLOUCESTER",409.79,352,48.5,18.18
2009,47,"CULPEPER",326.2,436,89,41.32
2009,105,"LEE",358.59,403,52,22.32
2009,193,"WESTMORELAND",353.46,409,58,25.26
2009,143,"PITTSYLVANIA",318.75,443,131,61.8
2009,117,"MECKLENBURG",297.95,464,83.5,41.26
2009,121,"MONTGOMERY",315.29,447,37.5,17.85
2009,89,"HENRY",290.43,472,26.5,13.32
2009,93,"ISLE OF WIGHT",302.91,459,25,12.22
2009,169,"SCOTT",359.34,403,53.5,22.96
2009,167,"RUSSELL",373.14,389,28,11.6
2009,59,"FAIRFAX",272.48,490,55,28.7
2009,31,"CAMPBELL",370.61,391,102.5,42.68
2009,157,"RAPPAHANNOCK",294.51,467,58.5,29.09
2009,23,"BOTETOURT",359.2,403,25,10.73
2009,197,"WYTHE",353.32,409,37,16.11
2009,43,"CLARKE",286.4,476,47,23.82
2009,83,"HALIFAX",317.43,445,102.5,48.57
2009,800,"SUFFOLK CITY",317.09,445,65,30.8
2009,113,"MADISON",336.7,425,53,23.99
2009,163,"ROCKBRIDGE",313.28,449,50.5,24.15
2009,810,"VIRGINIA BEACH CITY",359.14,403,47.5,20.38
2009,15,"AUGUSTA",249.1,513,189.5,103.52
2009,45,"CRAIG",370.48,392,14.5,6.05
2009,181,"SURRY",291.26,471,26,13.04
2009,159,"RICHMOND",385.54,376,16,6.41
2009,153,"PRINCE WILLIAM",241.68,520,51.5,28.52
2009,199,"YORK",372.97,389,14,5.8
2009,7,"AMELIA",287.05,475,41.5,20.99
2009,119,"MIDDLESEX",428.02,334,17,6.05
2009,109,"LOUISA",317.8,444,71,33.57
2009,111,"LUNENBURG",315.09,447,34,16.18
2009,115,"MATHEWS",433.99,328,13.5,4.72
2009,191,"WASHINGTON",435.23,327,106,36.91
2009,29,"BUCKINGHAM",351.38,411,17.5,7.66
2009,33,"CAROLINE",300.24,462,25,12.3
2009,53,"DINWIDDIE",262.22,500,40,21.3
2009,141,"PATRICK",325.59,436,57.5,26.7
2009,177,"SPOTSYLVANIA",334.73,427,34.5,15.69
2009,35,"CARROLL",350.82,411,25,10.94
2009,57,"ESSEX",342.51,419,21,9.37
2009,41,"CHESTERFIELD",253.34,509,31.5,17.07
2009,125,"NELSON",315.1,447,81.5,38.79
2009,147,"PRINCE EDWARD",342.61,419,30,13.39
2009,97,"KING AND QUEEN",347.98,414,27.5,12.12
2009,179,"STAFFORD",303.82,458,16.5,8.05
2009,107,"LOUDOUN",289.05,473,210,105.77
2009,71,"GILES",326.97,435,27.5,12.74
2009,1,"ACCOMACK",353.63,408,51.5,22.37
2009,127,"NEW KENT",320.2,442,15,7.06
2009,185,"TAZEWELL",385.26,377,29,11.64
2009,21,"BLAND",325.5,436,10,4.64
2009,91,"HIGHLAND",230.98,531,9,5.09
2009,61,"FAUQUIER",278.65,483,204.5,105.18
2009,69,"FREDERICK",278.57,483,90,46.29
2009,17,"BATH",272.97,489,7,3.65
2009,3,"ALBEMARLE",310.06,452,116.5,56.07
2009,51,"DICKENSON",382.97,379,12,4.84
2009,49,"CUMBERLAND",326.41,436,23,10.68
2009,85,"HANOVER",266.76,495,213,112.27
2009,81,"GREENSVILLE",295.19,467,5,2.49
2009,5,"ALLEGHANY",318.27,444,9.5,4.49
2009,165,"ROCKINGHAM",240,522,261.5,145.36
2009,171,"SHENANDOAH",288.14,474,105,53
2009,145,"POWHATAN",272.1,490,18,9.39
2009,175,"SOUTHAMPTON",310.59,451,21,10.09
2009,139,"PAGE",246.53,515,19.5,10.69
2009,133,"NORTHUMBERLAND",431.05,331,2,0.7
2009,75,"GOOCHLAND",275.14,487,21.5,11.15
2009,65,"FLUVANNA",314.36,448,27,12.88
2009,95,"JAMES CITY",295.76,466,15.5,7.69
2009,63,"FLOYD",349.65,412,127.5,55.94
2009,149,"PRINCE GEORGE",263.2,499,7,3.72
2009,77,"GRAYSON",310.9,451,41,19.69
2009,131,"NORTHAMPTON",320.06,442,45.5,21.42
2009,137,"ORANGE",333.14,429,45,20.56
2009,79,"GREENE",291.88,470,37,18.52
2009,195,"WISE",402.86,359,11,4.21
2009,183,"SUSSEX",296.74,465,15.5,7.67
2009,87,"HENRICO",271.73,490,26.5,13.83
2009,101,"KING WILLIAM",301.6,460,15.5,7.59
2009,103,"LANCASTER",431.32,331,12,4.23
2009,187,"WARREN",246.8,515,35,19.19
2009,9,"AMHERST",363.68,398,27,11.44
2009,155,"PULASKI",309.7,452,18.5,8.9
2009,19,"BEDFORD",323.51,438,52.5,24.49
2009,173,"SMYTH",417.49,345,33,12.12
2010,67,"FRANKLIN",147.3,615,123.5,80.88
2010,37,"CHARLOTTE",250.99,511,115,62.58
2010,99,"KING GEORGE",243.61,518,21,11.58
2010,135,"NOTTOWAY",196.82,565,38,22.86
2010,25,"BRUNSWICK",195.36,567,33,19.92
2010,161,"ROANOKE",298.44,464,62,30.63
2010,36,"CHARLES CITY",202,560,13.5,8.05
2010,550,"CHESAPEAKE CITY",318.33,444,62.5,29.55
2010,11,"APPOMATTOX",283.06,479,33.5,17.09
2010,73,"GLOUCESTER",270.89,491,48.5,25.36
2010,47,"CULPEPER",257.38,505,89,47.86
2010,105,"LEE",332.46,430,52,23.81
2010,193,"WESTMORELAND",246.44,516,58,31.87
2010,143,"PITTSYLVANIA",273.32,489,131,68.21
2010,117,"MECKLENBURG",228.23,534,83.5,47.48
2010,121,"MONTGOMERY",263.47,499,37.5,19.93
2010,89,"HENRY",281.88,480,26.5,13.55
2010,93,"ISLE OF WIGHT",171.52,590,25,15.71
2010,169,"SCOTT",292.99,469,53.5,26.72
2010,167,"RUSSELL",394.54,367,28,10.94
2010,59,"FAIRFAX",264.08,498,55,29.17
2010,31,"CAMPBELL",281.98,480,102.5,52.39
2010,157,"RAPPAHANNOCK",249.88,512,58.5,31.89
2010,23,"BOTETOURT",255.57,506,25,13.47
2010,197,"WYTHE",311.04,451,37,17.77
2010,43,"CLARKE",163.75,598,47,29.93
2010,83,"HALIFAX",243.43,519,102.5,56.65
2010,800,"SUFFOLK CITY",190.67,571,65,39.52
2010,113,"MADISON",275.35,487,53,27.49
2010,163,"ROCKBRIDGE",255.29,507,50.5,27.26
2010,810,"VIRGINIA BEACH CITY",320.88,441,47.5,22.31
2010,15,"AUGUSTA",237.91,524,189.5,105.74
2010,45,"CRAIG",280.82,481,14.5,7.43
2010,181,"SURRY",162.58,599,26,16.58
2010,159,"RICHMOND",250.45,512,16,8.72
2010,153,"PRINCE WILLIAM",251.84,510,51.5,27.97
2010,199,"YORK",190.77,571,14,8.51
2010,7,"AMELIA",228.73,533,41.5,23.55
2010,119,"MIDDLESEX",263.57,498,17,9.02
2010,109,"LOUISA",244.47,518,71,39.16
2010,111,"LUNENBURG",224.62,537,34,19.44
2010,115,"MATHEWS",260.16,502,13.5,7.22
2010,191,"WASHINGTON",359.6,402,106,45.38
2010,29,"BUCKINGHAM",223.76,538,17.5,10.03
2010,33,"CAROLINE",232.06,530,25,14.11
2010,53,"DINWIDDIE",207.01,555,40,23.64
2010,141,"PATRICK",364.26,398,57.5,24.37
2010,177,"SPOTSYLVANIA",221.95,540,34.5,19.84
2010,35,"CARROLL",316.08,446,25,11.87
2010,57,"ESSEX",222.59,539,21,12.05
2010,41,"CHESTERFIELD",243.47,519,31.5,17.41
2010,125,"NELSON",262.23,500,81.5,43.39
2010,147,"PRINCE EDWARD",256.76,505,30,16.13
2010,97,"KING AND QUEEN",229.68,532,27.5,15.58
2010,179,"STAFFORD",291.27,471,16.5,8.28
2010,107,"LOUDOUN",208.15,554,210,123.89
2010,71,"GILES",265.56,496,27.5,14.52
2010,1,"ACCOMACK",211.82,550,51.5,30.16
2010,127,"NEW KENT",224.12,538,15,8.59
2010,185,"TAZEWELL",406.49,356,29,10.99
2010,21,"BLAND",318.37,444,10,4.73
2010,91,"HIGHLAND",240.46,522,9,5
2010,61,"FAUQUIER",228.57,533,204.5,116.07
2010,69,"FREDERICK",156.25,606,90,58.08
2010,17,"BATH",208.78,553,7,4.12
2010,3,"ALBEMARLE",238.92,523,116.5,64.88
2010,51,"DICKENSON",372.01,390,12,4.98
2010,49,"CUMBERLAND",168.48,594,23,14.55
2010,85,"HANOVER",201.06,561,213,127.24
2010,81,"GREENSVILLE",177.07,585,5,3.11
2010,5,"ALLEGHANY",229.47,533,9.5,5.39
2010,165,"ROCKINGHAM",220.27,542,261.5,150.93
2010,171,"SHENANDOAH",170.26,592,105,66.19
2010,145,"POWHATAN",243.45,519,18,9.95
2010,175,"SOUTHAMPTON",185.73,576,21,12.88
2010,139,"PAGE",245.5,516,19.5,10.71
2010,133,"NORTHUMBERLAND",290.34,472,2,1.01
2010,75,"GOOCHLAND",266.12,496,21.5,11.36
2010,65,"FLUVANNA",198.67,563,27,16.19
2010,95,"JAMES CITY",223.85,538,15.5,8.88
2010,63,"FLOYD",264.53,497,127.5,67.48
2010,149,"PRINCE GEORGE",221.35,541,7,4.03
2010,77,"GRAYSON",304.54,457,41,19.95
2010,131,"NORTHAMPTON",207.39,555,45.5,26.89
2010,137,"ORANGE",211,551,45,26.4
2010,79,"GREENE",226.01,536,37,21.12
2010,195,"WISE",368.77,393,11,4.6
2010,183,"SUSSEX",192.57,569,15.5,9.39
2010,87,"HENRICO",201.22,561,26.5,15.83
2010,101,"KING WILLIAM",187.55,574,15.5,9.47
2010,103,"LANCASTER",286.17,476,12,6.08
2010,187,"WARREN",184.06,578,35,21.54
2010,9,"AMHERST",267.61,494,27,14.2
2010,155,"PULASKI",244.91,517,18.5,10.18
2010,19,"BEDFORD",270.6,491,52.5,27.45
2010,173,"SMYTH",357.54,404,33,14.2
2011,67,"FRANKLIN",292.65,469,123.5,61.68
2011,37,"CHARLOTTE",309.26,453,115,55.47
2011,99,"KING GEORGE",376.16,386,21,8.63
2011,135,"NOTTOWAY",314.49,448,38,18.13
2011,25,"BRUNSWICK",307.42,455,33,15.99
2011,161,"ROANOKE",242.4,520,62,34.33
2011,36,"CHARLES CITY",298.32,464,13.5,6.67
2011,550,"CHESAPEAKE CITY",297.77,464,62.5,30.88
2011,11,"APPOMATTOX",306.02,456,33.5,16.27
2011,73,"GLOUCESTER",345.75,416,48.5,21.48
2011,47,"CULPEPER",294.4,468,89,44.35
2011,105,"LEE",288.61,473,52,26.19
2011,193,"WESTMORELAND",387.91,374,58,23.1
2011,143,"PITTSYLVANIA",183.95,578,131,80.63
2011,117,"MECKLENBURG",268.24,494,83.5,43.92
2011,121,"MONTGOMERY",178.69,583,37.5,23.28
2011,89,"HENRY",151.3,611,26.5,17.24
2011,93,"ISLE OF WIGHT",318.37,444,25,11.82
2011,169,"SCOTT",297.96,464,53.5,26.43
2011,167,"RUSSELL",322.8,439,28,13.09
2011,59,"FAIRFAX",241.51,520,55,30.46
2011,31,"CAMPBELL",279.96,482,102.5,52.61
2011,157,"RAPPAHANNOCK",212.86,549,58.5,34.2
2011,23,"BOTETOURT",215.29,547,25,14.56
2011,197,"WYTHE",215.78,546,37,21.51
2011,43,"CLARKE",182.91,579,47,28.98
2011,83,"HALIFAX",214.88,547,102.5,59.7
2011,800,"SUFFOLK CITY",292.05,470,65,32.53
2011,113,"MADISON",270.28,492,53,27.77
2011,163,"ROCKBRIDGE",235.29,527,50.5,28.34
2011,810,"VIRGINIA BEACH CITY",289.37,473,47.5,23.92
2011,15,"AUGUSTA",231.8,530,189.5,106.95
2011,45,"CRAIG",155.11,607,14.5,9.37
2011,181,"SURRY",329.97,432,26,11.96
2011,159,"RICHMOND",384.81,377,16,6.42
2011,153,"PRINCE WILLIAM",230.35,532,51.5,29.18
2011,199,"YORK",390.93,371,14,5.53
2011,7,"AMELIA",317.95,444,41.5,19.62
2011,119,"MIDDLESEX",364.21,398,17,7.2
2011,109,"LOUISA",302.05,460,71,34.78
2011,111,"LUNENBURG",332.06,430,34,15.57
2011,115,"MATHEWS",354.44,408,13.5,5.87
2011,191,"WASHINGTON",260.22,502,106,56.66
2011,29,"BUCKINGHAM",359.99,402,17.5,7.49
2011,33,"CAROLINE",374.46,388,25,10.33
2011,53,"DINWIDDIE",375.38,387,40,16.48
2011,141,"PATRICK",199.65,562,57.5,34.41
2011,177,"SPOTSYLVANIA",300.74,461,34.5,16.94
2011,35,"CARROLL",223.14,539,25,14.35
2011,57,"ESSEX",428.03,334,21,7.47
2011,41,"CHESTERFIELD",297.79,464,31.5,15.56
2011,125,"NELSON",271.1,491,81.5,42.61
2011,147,"PRINCE EDWARD",290.22,472,30,15.08
2011,97,"KING AND QUEEN",405.11,357,27.5,10.45
2011,179,"STAFFORD",299.92,462,16.5,8.12
2011,107,"LOUDOUN",236.35,526,210,117.62
2011,71,"GILES",179.3,583,27.5,17.07
2011,1,"ACCOMACK",311.1,451,51.5,24.73
2011,127,"NEW KENT",311.74,450,15,7.19
2011,185,"TAZEWELL",246.94,515,29,15.9
2011,21,"BLAND",185.78,576,10,6.13
2011,91,"HIGHLAND",238.77,523,9,5.01
2011,61,"FAUQUIER",234.62,527,204.5,114.76
2011,69,"FREDERICK",193.56,568,90,54.44
2011,17,"BATH",209.09,553,7,4.12
2011,3,"ALBEMARLE",278.83,483,116.5,59.92
2011,51,"DICKENSON",364.13,398,12,5.09
2011,49,"CUMBERLAND",337.5,424,23,10.38
2011,85,"HANOVER",371.57,390,213,88.46
2011,81,"GREENSVILLE",335.93,426,5,2.27
2011,5,"ALLEGHANY",190.21,572,9.5,5.79
2011,165,"ROCKINGHAM",235.7,526,261.5,146.47
2011,171,"SHENANDOAH",215.66,546,105,61.05
2011,145,"POWHATAN",313.48,449,18,8.61
2011,175,"SOUTHAMPTON",335.61,426,21,9.53
2011,139,"PAGE",245.36,517,19.5,10.74
2011,133,"NORTHUMBERLAND",363.23,399,2,0.85
2011,75,"GOOCHLAND",290.34,472,21.5,10.81
2011,65,"FLUVANNA",339.63,422,27,12.13
2011,95,"JAMES CITY",347.91,414,15.5,6.83
2011,63,"FLOYD",136.02,626,127.5,84.99
2011,149,"PRINCE GEORGE",349.84,412,7,3.07
2011,77,"GRAYSON",255.45,507,41,22.14
2011,131,"NORTHAMPTON",303.37,459,45.5,22.24
2011,137,"ORANGE",296.94,465,45,22.28
2011,79,"GREENE",263.76,498,37,19.62
2011,195,"WISE",388.31,374,11,4.38
2011,183,"SUSSEX",374.64,387,15.5,6.39
2011,87,"HENRICO",304.71,457,26.5,12.9
2011,101,"KING WILLIAM",429.71,332,15.5,5.48
2011,103,"LANCASTER",363.86,398,12,5.09
2011,187,"WARREN",203.05,559,35,20.83
2011,9,"AMHERST",282.29,480,27,13.8
2011,155,"PULASKI",172.07,590,18.5,11.62
2011,19,"BEDFORD",248.64,513,52.5,28.68
2011,173,"SMYTH",246.58,515,33,18.1
2012,67,"FRANKLIN",436.18,326,123.5,42.87
2012,37,"CHARLOTTE",272.3,490,115,60.01
2012,99,"KING GEORGE",218.14,544,21,12.16
2012,135,"NOTTOWAY",245.45,517,38,20.92
2012,25,"BRUNSWICK",366.46,396,33,13.92
2012,161,"ROANOKE",292.6,469,62,30.96
2012,36,"CHARLES CITY",300.37,462,13.5,6.64
2012,550,"CHESAPEAKE CITY",339.65,422,62.5,28.09
2012,11,"APPOMATTOX",269.17,493,33.5,17.59
2012,73,"GLOUCESTER",286.32,476,48.5,24.58
2012,47,"CULPEPER",279.19,483,89,45.78
2012,105,"LEE",327.51,434,52,24.03
2012,193,"WESTMORELAND",234.47,528,58,32.61
2012,143,"PITTSYLVANIA",256.64,505,131,70.45
2012,117,"MECKLENBURG",394.32,368,83.5,32.72
2012,121,"MONTGOMERY",217.7,544,37.5,21.72
2012,89,"HENRY",246.69,515,26.5,14.53
2012,93,"ISLE OF WIGHT",399.4,363,25,9.66
2012,169,"SCOTT",357.26,405,53.5,23.07
2012,167,"RUSSELL",334.45,428,28,12.76
2012,59,"FAIRFAX",182.77,579,55,33.91
2012,31,"CAMPBELL",256.6,505,102.5,55.12
2012,157,"RAPPAHANNOCK",286.53,475,58.5,29.59
2012,23,"BOTETOURT",274.14,488,25,12.99
2012,197,"WYTHE",253.77,508,37,20.02
2012,43,"CLARKE",243.06,519,47,25.98
2012,83,"HALIFAX",265.24,497,102.5,54.25
2012,800,"SUFFOLK CITY",418.81,343,65,23.74
2012,113,"MADISON",332.64,429,53,24.21
2012,163,"ROCKBRIDGE",325.1,437,50.5,23.5
2012,810,"VIRGINIA BEACH CITY",314.3,448,47.5,22.66
2012,15,"AUGUSTA",332.94,429,189.5,86.57
2012,45,"CRAIG",230.71,531,14.5,8.2
2012,181,"SURRY",351.19,411,26,11.38
2012,159,"RICHMOND",244.79,517,16,8.81
2012,153,"PRINCE WILLIAM",219.82,542,51.5,29.72
2012,199,"YORK",345.53,416,14,6.2
2012,7,"AMELIA",195.37,567,41.5,25.06
2012,119,"MIDDLESEX",285.59,476,17,8.62
2012,109,"LOUISA",304.24,458,71,34.63
2012,111,"LUNENBURG",319.14,443,34,16.04
2012,115,"MATHEWS",313.66,448,13.5,6.44
2012,191,"WASHINGTON",306.03,456,106,51.47
2012,29,"BUCKINGHAM",269.99,492,17.5,9.17
2012,33,"CAROLINE",225.94,536,25,14.27
2012,53,"DINWIDDIE",251.02,511,40,21.77
2012,141,"PATRICK",304.98,457,57.5,27.98
2012,177,"SPOTSYLVANIA",216.38,546,34.5,20.06
2012,35,"CARROLL",259.57,502,25,13.36
2012,57,"ESSEX",236.71,525,21,11.74
2012,41,"CHESTERFIELD",240.09,522,31.5,17.51
2012,125,"NELSON",284.05,478,81.5,41.48
2012,147,"PRINCE EDWARD",232.14,530,30,16.93
2012,97,"KING AND QUEEN",236.84,525,27.5,15.37
2012,179,"STAFFORD",218.84,543,16.5,9.54
2012,107,"LOUDOUN",223.71,538,210,120.31
2012,71,"GILES",222.16,540,27.5,15.81
2012,1,"ACCOMACK",315.02,447,51.5,24.51
2012,127,"NEW KENT",312.5,450,15,7.19
2012,185,"TAZEWELL",302.98,459,29,14.17
2012,21,"BLAND",247.75,514,10,5.47
2012,91,"HIGHLAND",296.95,465,9,4.46
2012,61,"FAUQUIER",258.57,503,204.5,109.54
2012,69,"FREDERICK",277.36,485,90,46.48
2012,17,"BATH",287.21,475,7,3.54
2012,3,"ALBEMARLE",292.78,469,116.5,58.18
2012,51,"DICKENSON",308.27,454,12,5.8
2012,49,"CUMBERLAND",255.47,507,23,12.42
2012,85,"HANOVER",252.59,509,213,115.45
2012,81,"GREENSVILLE",384.09,378,5,2.01
2012,5,"ALLEGHANY",271.22,491,9.5,4.97
2012,165,"ROCKINGHAM",331.01,431,261.5,120.02
2012,171,"SHENANDOAH",315.7,446,105,49.87
2012,145,"POWHATAN",262.98,499,18,9.56
2012,175,"SOUTHAMPTON",408.28,354,21,7.92
2012,139,"PAGE",286.71,475,19.5,9.86
2012,133,"NORTHUMBERLAND",283.85,478,2,1.02
2012,75,"GOOCHLAND",296.55,465,21.5,10.65
2012,65,"FLUVANNA",284.91,477,27,13.71
2012,95,"JAMES CITY",341.42,421,15.5,6.95
2012,63,"FLOYD",216.51,545,127.5,73.99
2012,149,"PRINCE GEORGE",282.06,480,7,3.58
2012,77,"GRAYSON",251.37,511,41,22.31
2012,131,"NORTHAMPTON",319.6,442,45.5,21.42
2012,137,"ORANGE",312.69,449,45,21.52
2012,79,"GREENE",330.5,432,37,17.02
2012,195,"WISE",408.33,354,11,4.15
2012,183,"SUSSEX",311.6,450,15.5,7.43
2012,87,"HENRICO",290.28,472,26.5,13.32
2012,101,"KING WILLIAM",236.94,525,15.5,8.67
2012,103,"LANCASTER",278.49,484,12,6.18
2012,187,"WARREN",262.79,499,35,18.6
2012,9,"AMHERST",261.87,500,27,14.38
2012,155,"PULASKI",226.95,535,18.5,10.54
2012,19,"BEDFORD",223.25,539,52.5,30.13
2012,173,"SMYTH",270.66,491,33,17.25
2013,67,"FRANKLIN",428.1,334,123.5,43.92
2013,37,"CHARLOTTE",408.22,354,115,43.35
2013,99,"KING GEORGE",370.05,392,21,8.77
2013,135,"NOTTOWAY",341.48,421,38,17.04
2013,25,"BRUNSWICK",353.33,409,33,14.37
2013,161,"ROANOKE",433.28,329,62,21.72
2013,36,"CHARLES CITY",421.22,341,13.5,4.9
2013,550,"CHESAPEAKE CITY",357.46,405,62.5,26.95
2013,11,"APPOMATTOX",429.59,332,33.5,11.84
2013,73,"GLOUCESTER",424.96,337,48.5,17.4
2013,47,"CULPEPER",396.32,366,89,34.69
2013,105,"LEE",442.38,320,52,17.72
2013,193,"WESTMORELAND",371.21,391,58,24.15
2013,143,"PITTSYLVANIA",436.61,325,131,45.34
2013,117,"MECKLENBURG",360.19,402,83.5,35.74
2013,121,"MONTGOMERY",349.33,413,37.5,16.49
2013,89,"HENRY",420.36,342,26.5,9.65
2013,93,"ISLE OF WIGHT",409.79,352,25,9.37
2013,169,"SCOTT",489.75,272,53.5,15.5
2013,167,"RUSSELL",446.06,316,28,9.42
2013,59,"FAIRFAX",332.07,430,55,25.18
2013,31,"CAMPBELL",369.34,393,102.5,42.9
2013,157,"RAPPAHANNOCK",305.45,457,58.5,28.47
2013,23,"BOTETOURT",418.99,343,25,9.13
2013,197,"WYTHE",453.58,308,37,12.14
2013,43,"CLARKE",311.01,451,47,22.57
2013,83,"HALIFAX",416.5,346,102.5,37.77
2013,800,"SUFFOLK CITY",409.39,353,65,24.43
2013,113,"MADISON",392.57,369,53,20.83
2013,163,"ROCKBRIDGE",395.22,367,50.5,19.74
2013,810,"VIRGINIA BEACH CITY",382.93,379,47.5,19.17
2013,15,"AUGUSTA",388.69,373,189.5,75.27
2013,45,"CRAIG",381.75,380,14.5,5.87
2013,181,"SURRY",448.58,313,26,8.67
2013,159,"RICHMOND",370.5,392,16,6.68
2013,153,"PRINCE WILLIAM",301.14,461,51.5,25.28
2013,199,"YORK",469.98,292,14,4.35
2013,7,"AMELIA",344.9,417,41.5,18.43
2013,119,"MIDDLESEX",360.52,401,17,7.26
2013,109,"LOUISA",456.45,306,71,23.14
2013,111,"LUNENBURG",386.68,375,34,13.58
2013,115,"MATHEWS",371.97,390,13.5,5.61
2013,191,"WASHINGTON",448.48,314,106,35.44
2013,29,"BUCKINGHAM",433.35,329,17.5,6.13
2013,33,"CAROLINE",400.95,361,25,9.61
2013,53,"DINWIDDIE",339.96,422,40,17.97
2013,141,"PATRICK",461.29,301,57.5,18.43
2013,177,"SPOTSYLVANIA",378.04,384,34.5,14.11
2013,35,"CARROLL",446.38,316,25,8.41
2013,57,"ESSEX",374.68,387,21,8.65
2013,41,"CHESTERFIELD",386.88,375,31.5,12.58
2013,125,"NELSON",463.64,298,81.5,25.86
2013,147,"PRINCE EDWARD",407.73,354,30,11.31
2013,97,"KING AND QUEEN",367.27,395,27.5,11.57
2013,179,"STAFFORD",369.34,393,16.5,6.91
2013,107,"LOUDOUN",300.5,462,210,103.31
2013,71,"GILES",426.94,335,27.5,9.81
2013,1,"ACCOMACK",325.59,436,51.5,23.91
2013,127,"NEW KENT",410.58,351,15,5.61
2013,185,"TAZEWELL",413.66,348,29,10.75
2013,21,"BLAND",361.56,400,10,4.26
2013,91,"HIGHLAND",365.88,396,9,3.8
2013,61,"FAUQUIER",329.61,432,204.5,94.07
2013,69,"FREDERICK",319.36,443,90,42.46
2013,17,"BATH",363.2,399,7,2.97
2013,3,"ALBEMARLE",443.84,318,116.5,39.45
2013,51,"DICKENSON",408.86,353,12,4.51
2013,49,"CUMBERLAND",428.36,334,23,8.18
2013,85,"HANOVER",441.71,320,213,72.58
2013,81,"GREENSVILLE",349.75,412,5,2.19
2013,5,"ALLEGHANY",351.69,410,9.5,4.15
2013,165,"ROCKINGHAM",355.67,406,261.5,113.06
2013,171,"SHENANDOAH",335.58,426,105,47.63
2013,145,"POWHATAN",429.28,333,18,6.38
2013,175,"SOUTHAMPTON",433.76,328,21,7.33
2013,139,"PAGE",365.8,396,19.5,8.22
2013,133,"NORTHUMBERLAND",330.71,431,2,0.92
2013,75,"GOOCHLAND",485.07,277,21.5,6.34
2013,65,"FLUVANNA",467.32,295,27,8.48
2013,95,"JAMES CITY",434.51,327,15.5,5.4
2013,63,"FLOYD",394.45,368,127.5,49.96
2013,149,"PRINCE GEORGE",410.96,351,7,2.62
2013,77,"GRAYSON",552.63,209,41,9.12
2013,131,"NORTHAMPTON",317.55,444,45.5,21.51
2013,137,"ORANGE",412.16,350,45,16.77
2013,79,"GREENE",376.55,385,37,15.17
2013,195,"WISE",414.07,348,11,4.08
2013,183,"SUSSEX",398.12,364,15.5,6.01
2013,87,"HENRICO",441.84,320,26.5,9.03
2013,101,"KING WILLIAM",388.39,374,15.5,6.17
2013,103,"LANCASTER",334.15,428,12,5.47
2013,187,"WARREN",320.61,441,35,16.44
2013,9,"AMHERST",446.54,315,27,9.06
2013,155,"PULASKI",407.61,354,18.5,6.97
2013,19,"BEDFORD",390.62,371,52.5,20.74
2013,173,"SMYTH",459.08,303,33,10.65
2014,67,"FRANKLIN",271.69,490,123.5,64.44
2014,37,"CHARLOTTE",296.22,466,115,57.07
2014,99,"KING GEORGE",244.49,518,21,11.58
2014,135,"NOTTOWAY",254.93,507,38,20.52
2014,25,"BRUNSWICK",366.16,396,33,13.92
2014,161,"ROANOKE",371.66,390,62,25.75
2014,36,"CHARLES CITY",279.3,483,13.5,6.94
2014,550,"CHESAPEAKE CITY",282.86,479,62.5,31.88
2014,11,"APPOMATTOX",290.87,471,33.5,16.8
2014,73,"GLOUCESTER",332.32,430,48.5,22.21
2014,47,"CULPEPER",314.87,447,89,42.36
2014,105,"LEE",352.92,409,52,22.65
2014,193,"WESTMORELAND",221.02,541,58,33.41
2014,143,"PITTSYLVANIA",316.68,445,131,62.08
2014,117,"MECKLENBURG",365.16,397,83.5,35.3
2014,121,"MONTGOMERY",260.51,501,37.5,20.01
2014,89,"HENRY",282.88,479,26.5,13.52
2014,93,"ISLE OF WIGHT",261.33,501,25,13.34
2014,169,"SCOTT",419.56,342,53.5,19.48
2014,167,"RUSSELL",354.57,407,28,12.14
2014,59,"FAIRFAX",305.93,456,55,26.71
2014,31,"CAMPBELL",318.57,443,102.5,48.35
2014,157,"RAPPAHANNOCK",333.64,428,58.5,26.66
2014,23,"BOTETOURT",332.13,430,25,11.45
2014,197,"WYTHE",298.23,464,37,18.28
2014,43,"CLARKE",277.29,485,47,24.27
2014,83,"HALIFAX",347.24,415,102.5,45.3
2014,800,"SUFFOLK CITY",273.16,489,65,33.85
2014,113,"MADISON",327.23,435,53,24.55
2014,163,"ROCKBRIDGE",282.17,480,50.5,25.81
2014,810,"VIRGINIA BEACH CITY",328.31,434,47.5,21.95
2014,15,"AUGUSTA",233.66,528,189.5,106.55
2014,45,"CRAIG",294.57,467,14.5,7.21
2014,181,"SURRY",278.31,484,26,13.4
2014,159,"RICHMOND",240.86,521,16,8.88
2014,153,"PRINCE WILLIAM",340.73,421,51.5,23.09
2014,199,"YORK",282.21,480,14,7.16
2014,7,"AMELIA",263.84,498,41.5,22.01
2014,119,"MIDDLESEX",285.02,477,17,8.63
2014,109,"LOUISA",303.66,458,71,34.63
2014,111,"LUNENBURG",299.67,462,34,16.73
2014,115,"MATHEWS",293.89,468,13.5,6.73
2014,191,"WASHINGTON",369.98,392,106,44.25
2014,29,"BUCKINGHAM",310.5,452,17.5,8.42
2014,33,"CAROLINE",221.3,541,25,14.4
2014,53,"DINWIDDIE",299.62,462,40,19.68
2014,141,"PATRICK",362.82,399,57.5,24.43
2014,177,"SPOTSYLVANIA",283.99,478,34.5,17.56
2014,35,"CARROLL",292.52,469,25,12.49
2014,57,"ESSEX",260.57,501,21,11.2
2014,41,"CHESTERFIELD",253.4,509,31.5,17.07
2014,125,"NELSON",290.21,472,81.5,40.96
2014,147,"PRINCE EDWARD",265.05,497,30,15.88
2014,97,"KING AND QUEEN",296.02,466,27.5,13.65
2014,179,"STAFFORD",261.06,501,16.5,8.8
2014,107,"LOUDOUN",302.52,459,210,102.64
2014,71,"GILES",287.27,475,27.5,13.91
2014,1,"ACCOMACK",219.95,542,51.5,29.72
2014,127,"NEW KENT",292.41,470,15,7.51
2014,185,"TAZEWELL",354.4,408,29,12.6
2014,21,"BLAND",316.33,446,10,4.75
2014,91,"HIGHLAND",186.68,575,9,5.51
2014,61,"FAUQUIER",315.25,447,204.5,97.34
2014,69,"FREDERICK",250.34,512,90,49.07
2014,17,"BATH",199.77,562,7,4.19
2014,3,"ALBEMARLE",300.58,461,116.5,57.19
2014,51,"DICKENSON",426.24,336,12,4.29
2014,49,"CUMBERLAND",271.04,491,23,12.03
2014,85,"HANOVER",241.27,521,213,118.17
2014,81,"GREENSVILLE",330.77,431,5,2.29
2014,5,"ALLEGHANY",267.37,495,9.5,5.01
2014,165,"ROCKINGHAM",292.05,470,261.5,130.88
2014,171,"SHENANDOAH",306.71,455,105,50.87
2014,145,"POWHATAN",249.85,512,18,9.81
2014,175,"SOUTHAMPTON",318.96,443,21,9.91
2014,139,"PAGE",298.21,464,19.5,9.63
2014,133,"NORTHUMBERLAND",250.8,511,2,1.09
2014,75,"GOOCHLAND",255.5,506,21.5,11.58
2014,65,"FLUVANNA",286.49,476,27,13.69
2014,95,"JAMES CITY",312.99,449,15.5,7.41
2014,63,"FLOYD",339.15,423,127.5,57.43
2014,149,"PRINCE GEORGE",289.39,473,7,3.53
2014,77,"GRAYSON",292.61,469,41,20.48
2014,131,"NORTHAMPTON",244.31,518,45.5,25.1
2014,137,"ORANGE",263.96,498,45,23.86
2014,79,"GREENE",304.61,457,37,18.01
2014,195,"WISE",422.5,340,11,3.98
2014,183,"SUSSEX",296.77,465,15.5,7.67
2014,87,"HENRICO",247.66,514,26.5,14.5
2014,101,"KING WILLIAM",254.98,507,15.5,8.37
2014,103,"LANCASTER",278.42,484,12,6.18
2014,187,"WARREN",292.96,469,35,17.48
2014,9,"AMHERST",321.95,440,27,12.65
2014,155,"PULASKI",274.75,487,18.5,9.59
2014,19,"BEDFORD",337.48,425,52.5,23.76
2014,173,"SMYTH",333.09,429,33,15.08
2015,67,"FRANKLIN",320.35,442,123.5,58.13
2015,37,"CHARLOTTE",354.44,408,115,49.96
2015,99,"KING GEORGE",381.6,380,21,8.5
2015,135,"NOTTOWAY",337.07,425,38,17.2
2015,25,"BRUNSWICK",356.97,405,33,14.23
2015,161,"ROANOKE",282.67,479,62,31.62
2015,36,"CHARLES CITY",382.95,379,13.5,5.45
2015,550,"CHESAPEAKE CITY",347.64,414,62.5,27.55
2015,11,"APPOMATTOX",328.02,434,33.5,15.48
2015,73,"GLOUCESTER",414.66,347,48.5,17.92
2015,47,"CULPEPER",340.25,422,89,39.99
2015,105,"LEE",401.76,360,52,19.93
2015,193,"WESTMORELAND",397.98,364,58,22.48
2015,143,"PITTSYLVANIA",371.21,391,131,54.54
2015,117,"MECKLENBURG",339.65,422,83.5,37.52
2015,121,"MONTGOMERY",298.43,464,37.5,18.53
2015,89,"HENRY",356.03,406,26.5,11.46
2015,93,"ISLE OF WIGHT",406.22,356,25,9.48
2015,169,"SCOTT",348.57,413,53.5,23.53
2015,167,"RUSSELL",406.46,356,28,10.61
2015,59,"FAIRFAX",377.92,384,55,22.49
2015,31,"CAMPBELL",313.32,449,102.5,49.01
2015,157,"RAPPAHANNOCK",329.29,433,58.5,26.97
2015,23,"BOTETOURT",356.79,405,25,10.78
2015,197,"WYTHE",343.63,418,37,16.47
2015,43,"CLARKE",312.16,450,47,22.52
2015,83,"HALIFAX",353.12,409,102.5,44.64
2015,800,"SUFFOLK CITY",366.97,395,65,27.34
2015,113,"MADISON",268.34,494,53,27.88
2015,163,"ROCKBRIDGE",295.54,466,50.5,25.06
2015,810,"VIRGINIA BEACH CITY",323.91,438,47.5,22.15
2015,15,"AUGUSTA",274.64,487,189.5,98.27
2015,45,"CRAIG",369.31,393,14.5,6.07
2015,181,"SURRY",396.53,365,26,10.11
2015,159,"RICHMOND",412.51,349,16,5.95
2015,153,"PRINCE WILLIAM",386.76,375,51.5,20.57
2015,199,"YORK",406.78,355,14,5.29
2015,7,"AMELIA",342.43,420,41.5,18.56
2015,119,"MIDDLESEX",411.91,350,17,6.34
2015,109,"LOUISA",297.37,465,71,35.16
2015,111,"LUNENBURG",345.54,416,34,15.06
2015,115,"MATHEWS",392.4,370,13.5,5.32
2015,191,"WASHINGTON",392.64,369,106,41.65
2015,29,"BUCKINGHAM",313.3,449,17.5,8.37
2015,33,"CAROLINE",379.77,382,25,10.17
2015,53,"DINWIDDIE",371.73,390,40,16.61
2015,141,"PATRICK",382.08,380,57.5,23.27
2015,177,"SPOTSYLVANIA",351.13,411,34.5,15.1
2015,35,"CARROLL",368.97,393,25,10.46
2015,57,"ESSEX",401.44,361,21,8.07
2015,41,"CHESTERFIELD",353.07,409,31.5,13.72
2015,125,"NELSON",320.73,441,81.5,38.27
2015,147,"PRINCE EDWARD",326.15,436,30,13.93
2015,97,"KING AND QUEEN",420.45,342,27.5,10.02
2015,179,"STAFFORD",339.6,422,16.5,7.41
2015,107,"LOUDOUN",328.09,434,210,97.05
2015,71,"GILES",333.16,429,27.5,12.56
2015,1,"ACCOMACK",329.05,433,51.5,23.75
2015,127,"NEW KENT",433.02,329,15,5.26
2015,185,"TAZEWELL",386.84,375,29,11.58
2015,21,"BLAND",338.41,424,10,4.52
2015,91,"HIGHLAND",302.37,460,9,4.41
2015,61,"FAUQUIER",367.23,395,204.5,86.02
2015,69,"FREDERICK",285.1,477,90,45.71
2015,17,"BATH",299.61,462,7,3.44
2015,3,"ALBEMARLE",331.8,430,116.5,53.34
2015,51,"DICKENSON",366.23,396,12,5.06
2015,49,"CUMBERLAND",305.09,457,23,11.19
2015,85,"HANOVER",349.87,412,213,93.45
2015,81,"GREENSVILLE",348.83,413,5,2.2
2015,5,"ALLEGHANY",345.76,416,9.5,4.21
2015,165,"ROCKINGHAM",268.64,493,261.5,137.28
2015,171,"SHENANDOAH",308.36,454,105,50.76
2015,145,"POWHATAN",327.87,434,18,8.32
2015,175,"SOUTHAMPTON",347.9,414,21,9.26
2015,139,"PAGE",265.96,496,19.5,10.3
2015,133,"NORTHUMBERLAND",376.11,386,2,0.82
2015,75,"GOOCHLAND",303.18,459,21.5,10.51
2015,65,"FLUVANNA",322.36,440,27,12.65
2015,95,"JAMES CITY",406.68,355,15.5,5.86
2015,63,"FLOYD",312.8,449,127.5,60.96
2015,149,"PRINCE GEORGE",352.84,409,7,3.05
2015,77,"GRAYSON",340.53,421,41,18.38
2015,131,"NORTHAMPTON",304.7,457,45.5,22.14
2015,137,"ORANGE",320.06,442,45,21.18
2015,79,"GREENE",316.17,446,37,17.57
2015,195,"WISE",380.14,382,11,4.47
2015,183,"SUSSEX",368.1,394,15.5,6.5
2015,87,"HENRICO",375.83,386,26.5,10.89
2015,101,"KING WILLIAM",395.25,367,15.5,6.06
2015,103,"LANCASTER",378.18,384,12,4.91
2015,187,"WARREN",330.82,431,35,16.06
2015,9,"AMHERST",344.59,417,27,11.99
2015,155,"PULASKI",340.99,421,18.5,8.29
2015,19,"BEDFORD",342.9,419,52.5,23.42
2015,173,"SMYTH",388.55,373,33,13.11
2016,67,"FRANKLIN",308.67,453,123.5,59.57
2016,37,"CHARLOTTE",297.83,464,115,56.82
2016,99,"KING GEORGE",274.29,488,21,10.91
2016,135,"NOTTOWAY",240.56,521,38,21.08
2016,25,"BRUNSWICK",298.74,463,33,16.27
2016,161,"ROANOKE",367.48,395,62,26.08
2016,36,"CHARLES CITY",339.32,423,13.5,6.08
2016,550,"CHESAPEAKE CITY",307.28,455,62.5,30.28
2016,11,"APPOMATTOX",303.78,458,33.5,16.34
2016,73,"GLOUCESTER",292.99,469,48.5,24.22
2016,47,"CULPEPER",353.22,409,89,38.76
2016,105,"LEE",380.78,381,52,21.1
2016,193,"WESTMORELAND",237.42,525,58,32.43
2016,143,"PITTSYLVANIA",350.85,411,131,57.33
2016,117,"MECKLENBURG",292.25,470,83.5,41.79
2016,121,"MONTGOMERY",326.21,436,37.5,17.41
2016,89,"HENRY",356.55,405,26.5,11.43
2016,93,"ISLE OF WIGHT",349.21,413,25,10.99
2016,169,"SCOTT",380.24,382,53.5,21.76
2016,167,"RUSSELL",396.57,365,28,10.88
2016,59,"FAIRFAX",293.02,469,55,27.47
2016,31,"CAMPBELL",329.67,432,102.5,47.15
2016,157,"RAPPAHANNOCK",311.32,451,58.5,28.09
2016,23,"BOTETOURT",310.19,452,25,12.03
2016,197,"WYTHE",332.78,429,37,16.9
2016,43,"CLARKE",282.82,479,47,23.97
2016,83,"HALIFAX",335.4,427,102.5,46.61
2016,800,"SUFFOLK CITY",332,430,65,29.76
2016,113,"MADISON",343.17,419,53,23.65
2016,163,"ROCKBRIDGE",290.71,471,50.5,25.33
2016,810,"VIRGINIA BEACH CITY",327.25,435,47.5,22
2016,15,"AUGUSTA",347.9,414,189.5,83.54
2016,45,"CRAIG",358.93,403,14.5,6.22
2016,181,"SURRY",342.42,420,26,11.63
2016,159,"RICHMOND",248.96,513,16,8.74
2016,153,"PRINCE WILLIAM",262.09,500,51.5,27.42
2016,199,"YORK",295.91,466,14,6.95
2016,7,"AMELIA",234.6,527,41.5,23.29
2016,119,"MIDDLESEX",272.09,490,17,8.87
2016,109,"LOUISA",343.35,419,71,31.68
2016,111,"LUNENBURG",280.68,481,34,17.41
2016,115,"MATHEWS",265.57,496,13.5,7.13
2016,191,"WASHINGTON",348.17,414,106,46.73
2016,29,"BUCKINGHAM",310.17,452,17.5,8.42
2016,33,"CAROLINE",349.1,413,25,10.99
2016,53,"DINWIDDIE",266.99,495,40,21.08
2016,141,"PATRICK",372.33,390,57.5,23.88
2016,177,"SPOTSYLVANIA",367.74,394,34.5,14.47
2016,35,"CARROLL",390.06,372,25,9.9
2016,57,"ESSEX",272.65,489,21,10.94
2016,41,"CHESTERFIELD",266.65,495,31.5,16.6
2016,125,"NELSON",412.7,349,81.5,30.29
2016,147,"PRINCE EDWARD",270.17,492,30,15.72
2016,97,"KING AND QUEEN",334.45,428,27.5,12.53
2016,179,"STAFFORD",285.61,476,16.5,8.36
2016,107,"LOUDOUN",296.03,466,210,104.21
2016,71,"GILES",363.75,398,27.5,11.65
2016,1,"ACCOMACK",305.79,456,51.5,25.01
2016,127,"NEW KENT",341.98,420,15,6.71
2016,185,"TAZEWELL",389.98,372,29,11.49
2016,21,"BLAND",368.96,393,10,4.18
2016,91,"HIGHLAND",286.66,475,9,4.55
2016,61,"FAUQUIER",270.76,491,204.5,106.92
2016,69,"FREDERICK",276.29,486,90,46.58
2016,17,"BATH",277.75,484,7,3.61
2016,3,"ALBEMARLE",366.63,395,116.5,49
2016,51,"DICKENSON",350.57,411,12,5.25
2016,49,"CUMBERLAND",283.15,479,23,11.73
2016,85,"HANOVER",365.91,396,213,89.82
2016,81,"GREENSVILLE",322.98,439,5,2.34
2016,5,"ALLEGHANY",291.1,471,9.5,4.76
2016,165,"ROCKINGHAM",384.81,377,261.5,104.98
2016,171,"SHENANDOAH",324.75,437,105,48.86
2016,145,"POWHATAN",265.7,496,18,9.51
2016,175,"SOUTHAMPTON",321.25,441,21,9.86
2016,139,"PAGE",328.17,434,19.5,9.01
2016,133,"NORTHUMBERLAND",279.8,482,2,1.03
2016,75,"GOOCHLAND",288.34,474,21.5,10.85
2016,65,"FLUVANNA",323.39,439,27,12.62
2016,95,"JAMES CITY",322.17,440,15.5,7.26
2016,63,"FLOYD",332.13,430,127.5,58.38
2016,149,"PRINCE GEORGE",328.88,433,7,3.23
2016,77,"GRAYSON",341.38,421,41,18.38
2016,131,"NORTHAMPTON",286.74,475,45.5,23.01
2016,137,"ORANGE",346.22,416,45,19.93
2016,79,"GREENE",325.89,436,37,17.18
2016,195,"WISE",398.57,363,11,4.25
2016,183,"SUSSEX",338.28,424,15.5,7
2016,87,"HENRICO",347.24,415,26.5,11.71
2016,101,"KING WILLIAM",360.48,402,15.5,6.64
2016,103,"LANCASTER",249.29,513,12,6.56
2016,187,"WARREN",290.77,471,35,17.55
2016,9,"AMHERST",375.92,386,27,11.1
2016,155,"PULASKI",332.22,430,18.5,8.47
2016,19,"BEDFORD",289.07,473,52.5,26.44
2016,173,"SMYTH",364.6,397,33,13.95
2017,67,"FRANKLIN",413.52,348,123.5,45.77
2017,37,"CHARLOTTE",268.04,494,115,60.49
2017,99,"KING GEORGE",348.9,413,21,9.24
2017,135,"NOTTOWAY",271.51,490,38,19.83
2017,25,"BRUNSWICK",333.93,428,33,15.04
2017,161,"ROANOKE",286.85,475,62,31.36
2017,36,"CHARLES CITY",339.03,423,13.5,6.08
2017,550,"CHESAPEAKE CITY",416.67,345,62.5,22.96
2017,11,"APPOMATTOX",262.29,500,33.5,17.84
2017,73,"GLOUCESTER",282.46,480,48.5,24.79
2017,47,"CULPEPER",255.33,507,89,48.05
2017,105,"LEE",351.04,411,52,22.76
2017,193,"WESTMORELAND",327.94,434,58,26.8
2017,143,"PITTSYLVANIA",314.63,447,131,62.36
2017,117,"MECKLENBURG",323.14,439,83.5,39.03
2017,121,"MONTGOMERY",261.1,501,37.5,20.01
2017,89,"HENRY",268.15,494,26.5,13.94
2017,93,"ISLE OF WIGHT",395.49,367,25,9.77
2017,169,"SCOTT",317.51,444,53.5,25.29
2017,167,"RUSSELL",321.75,440,28,13.12
2017,59,"FAIRFAX",299.07,463,55,27.12
2017,31,"CAMPBELL",224.4,538,102.5,58.72
2017,157,"RAPPAHANNOCK",286.95,475,58.5,29.59
2017,23,"BOTETOURT",242.11,520,25,13.84
2017,197,"WYTHE",244.4,518,37,20.41
2017,43,"CLARKE",270.91,491,47,24.57
2017,83,"HALIFAX",306.49,456,102.5,49.77
2017,800,"SUFFOLK CITY",390.7,371,65,25.68
2017,113,"MADISON",296.25,466,53,26.3
2017,163,"ROCKBRIDGE",263.72,498,50.5,26.78
2017,810,"VIRGINIA BEACH CITY",430.3,332,47.5,16.79
2017,15,"AUGUSTA",267.19,495,189.5,99.89
2017,45,"CRAIG",243.33,519,14.5,8.01
2017,181,"SURRY",337.31,425,26,11.77
2017,159,"RICHMOND",293.6,468,16,7.97
2017,153,"PRINCE WILLIAM",298.57,463,51.5,25.39
2017,199,"YORK",300.68,461,14,6.87
2017,7,"AMELIA",297.94,464,41.5,20.5
2017,119,"MIDDLESEX",318.98,443,17,8.02
2017,109,"LOUISA",246.28,516,71,39.01
2017,111,"LUNENBURG",306.44,456,34,16.51
2017,115,"MATHEWS",274.9,487,13.5,7
2017,191,"WASHINGTON",319.35,443,106,50
2017,29,"BUCKINGHAM",239.07,523,17.5,9.75
2017,33,"CAROLINE",337.88,424,25,11.29
2017,53,"DINWIDDIE",323.25,439,40,18.7
2017,141,"PATRICK",315.62,446,57.5,27.31
2017,177,"SPOTSYLVANIA",323.44,439,34.5,16.13
2017,35,"CARROLL",280.39,482,25,12.83
2017,57,"ESSEX",304.12,458,21,10.24
2017,41,"CHESTERFIELD",317.01,445,31.5,14.93
2017,125,"NELSON",249.6,512,81.5,44.43
2017,147,"PRINCE EDWARD",257.96,504,30,16.1
2017,97,"KING AND QUEEN",297.21,465,27.5,13.62
2017,179,"STAFFORD",283.35,479,16.5,8.42
2017,107,"LOUDOUN",293.73,468,210,104.65
2017,71,"GILES",294.61,467,27.5,13.68
2017,1,"ACCOMACK",325.98,436,51.5,23.91
2017,127,"NEW KENT",303.81,458,15,7.32
2017,185,"TAZEWELL",291.42,471,29,14.54
2017,21,"BLAND",256.15,506,10,5.39
2017,91,"HIGHLAND",285.53,476,9,4.56
2017,61,"FAUQUIER",289.97,472,204.5,102.78
2017,69,"FREDERICK",269.65,492,90,47.15
2017,17,"BATH",260.28,502,7,3.74
2017,3,"ALBEMARLE",250.08,512,116.5,63.52
2017,51,"DICKENSON",346.21,416,12,5.32
2017,49,"CUMBERLAND",219.8,542,23,13.27
2017,85,"HANOVER",302.35,460,213,104.34
2017,81,"GREENSVILLE",332.42,430,5,2.29
2017,5,"ALLEGHANY",232.13,530,9.5,5.36
2017,165,"ROCKINGHAM",275.33,487,261.5,135.61
2017,171,"SHENANDOAH",260.5,502,105,56.13
2017,145,"POWHATAN",278.17,484,18,9.28
2017,175,"SOUTHAMPTON",397.15,365,21,8.16
2017,139,"PAGE",252.41,510,19.5,10.59
2017,133,"NORTHUMBERLAND",337.01,425,2,0.91
2017,75,"GOOCHLAND",245.12,517,21.5,11.84
2017,65,"FLUVANNA",217.59,544,27,15.64
2017,95,"JAMES CITY",273.6,488,15.5,8.05
2017,63,"FLOYD",240.31,522,127.5,70.87
2017,149,"PRINCE GEORGE",315.28,447,7,3.33
2017,77,"GRAYSON",287.67,474,41,20.69
2017,131,"NORTHAMPTON",286.89,475,45.5,23.01
2017,137,"ORANGE",279.31,483,45,23.14
2017,79,"GREENE",314.34,448,37,17.65
2017,195,"WISE",349.44,413,11,4.84
2017,183,"SUSSEX",368.46,394,15.5,6.5
2017,87,"HENRICO",309.16,453,26.5,12.78
2017,101,"KING WILLIAM",296.25,466,15.5,7.69
2017,103,"LANCASTER",342.73,419,12,5.35
2017,187,"WARREN",242.86,519,35,19.34
2017,9,"AMHERST",264.25,498,27,14.32
2017,155,"PULASKI",232.42,530,18.5,10.44
2017,19,"BEDFORD",283.18,479,52.5,26.78
2017,173,"SMYTH",317.14,445,33,15.64
